<?xml version="1.0" encoding="UTF-8" standalone="no"?>
<?fileVersion 4.0.0?>

<cproject storage_type_id="org.eclipse.cdt.core.XmlProjectDescriptionStorage">
	<storageModule moduleId="org.eclipse.cdt.core.settings">
		<cconfiguration id="cdt.managedbuild.toolchain.gnu.base.146460292">
			<storageModule buildSystemId="org.eclipse.cdt.managedbuilder.core.configurationDataProvider" id="cdt.managedbuild.toolchain.gnu.base.146460292" moduleId="org.eclipse.cdt.core.settings" name="Default">
				<externalSettings/>
				<extensions>
					<extension id="org.eclipse.cdt.core.ELF" point="org.eclipse.cdt.core.BinaryParser"/>
					<extension id="org.eclipse.cdt.core.GmakeErrorParser" point="org.eclipse.cdt.core.ErrorParser"/>
					<extension id="org.eclipse.cdt.core.CWDLocator" point="org.eclipse.cdt.core.ErrorParser"/>
					<extension id="org.eclipse.cdt.core.GCCErrorParser" point="org.eclipse.cdt.core.ErrorParser"/>
					<extension id="org.eclipse.cdt.core.GASErrorParser" point="org.eclipse.cdt.core.ErrorParser"/>
					<extension id="org.eclipse.cdt.core.GLDErrorParser" point="org.eclipse.cdt.core.ErrorParser"/>
				</extensions>
			</storageModule>
			<storageModule moduleId="cdtBuildSystem" version="4.0.0">
				<configuration artifactName="${ProjName}" buildProperties="" id="cdt.managedbuild.toolchain.gnu.base.146460292" name="Default" parent="org.eclipse.cdt.build.core.emptycfg">
					<folderInfo id="cdt.managedbuild.toolchain.gnu.base.146460292.151290074" name="/" resourcePath="">
						<toolChain id="cdt.managedbuild.toolchain.gnu.base.491982896" name="cdt.managedbuild.toolchain.gnu.base" superClass="cdt.managedbuild.toolchain.gnu.base">
							<targetPlatform archList="all" binaryParser="org.eclipse.cdt.core.ELF" id="cdt.managedbuild.target.gnu.platform.base.1939544088" name="Debug Platform" osList="linux,hpux,aix,qnx" superClass="cdt.managedbuild.target.gnu.platform.base"/>
							<builder id="cdt.managedbuild.target.gnu.builder.base.898709350" managedBuildOn="false" name="Gnu Make Builder.Default" superClass="cdt.managedbuild.target.gnu.builder.base"/>
							<tool id="cdt.managedbuild.tool.gnu.archiver.base.539490259" name="GCC Archiver" superClass="cdt.managedbuild.tool.gnu.archiver.base"/>
							<tool id="cdt.managedbuild.tool.gnu.cpp.compiler.base.2131542833" name="GCC C++ Compiler" superClass="cdt.managedbuild.tool.gnu.cpp.compiler.base"/>
							<tool id="cdt.managedbuild.tool.gnu.c.compiler.base.987721503" name="GCC C Compiler" superClass="cdt.managedbuild.tool.gnu.c.compiler.base"/>
							<tool id="cdt.managedbuild.tool.gnu.c.linker.base.1464224023" name="GCC C Linker" superClass="cdt.managedbuild.tool.gnu.c.linker.base"/>
							<tool id="cdt.managedbuild.tool.gnu.cpp.linker.base.139595679" name="GCC C++ Linker" superClass="cdt.managedbuild.tool.gnu.cpp.linker.base"/>
							<tool id="cdt.managedbuild.tool.gnu.assembler.base.1728174699" name="GCC Assembler" superClass="cdt.managedbuild.tool.gnu.assembler.base"/>
						</toolChain>
					</folderInfo>
				</configuration>
			</storageModule>
			<storageModule moduleId="scannerConfiguration">
				<autodiscovery enabled="true" problemReportingEnabled="true" selectedProfileId=""/>
				<profile id="org.eclipse.cdt.make.core.GCCStandardMakePerProjectProfile">
					<buildOutputProvider>
						<openAction enabled="true" filePath=""/>
						<parser enabled="true"/>
					</buildOutputProvider>
					<scannerInfoProvider id="specsFile">
						<runAction arguments="-E -P -v -dD ${plugin_state_location}/${specs_file}" command="gcc" useDefault="true"/>
						<parser enabled="true"/>
					</scannerInfoProvider>
				</profile>
				<profile id="org.eclipse.cdt.make.core.GCCStandardMakePerFileProfile">
					<buildOutputProvider>
						<openAction enabled="true" filePath=""/>
						<parser enabled="true"/>
					</buildOutputProvider>
					<scannerInfoProvider id="makefileGenerator">
						<runAction arguments="-E -P -v -dD" command="" useDefault="true"/>
						<parser enabled="true"/>
					</scannerInfoProvider>
				</profile>
				<profile id="org.eclipse.cdt.managedbuilder.core.GCCManagedMakePerProjectProfile">
					<buildOutputProvider>
						<openAction enabled="true" filePath=""/>
						<parser enabled="true"/>
					</buildOutputProvider>
					<scannerInfoProvider id="specsFile">
						<runAction arguments="-E -P -v -dD ${plugin_state_location}/${specs_file}" command="gcc" useDefault="true"/>
						<parser enabled="true"/>
					</scannerInfoProvider>
				</profile>
				<profile id="org.eclipse.cdt.managedbuilder.core.GCCManagedMakePerProjectProfileCPP">
					<buildOutputProvider>
						<openAction enabled="true" filePath=""/>
						<parser enabled="true"/>
					</buildOutputProvider>
					<scannerInfoProvider id="specsFile">
						<runAction arguments="-E -P -v -dD ${plugin_state_location}/specs.cpp" command="g++" useDefault="true"/>
						<parser enabled="true"/>
					</scannerInfoProvider>
				</profile>
				<profile id="org.eclipse.cdt.managedbuilder.core.GCCManagedMakePerProjectProfileC">
					<buildOutputProvider>
						<openAction enabled="true" filePath=""/>
						<parser enabled="true"/>
					</buildOutputProvider>
					<scannerInfoProvider id="specsFile">
						<runAction arguments="-E -P -v -dD ${plugin_state_location}/specs.c" command="gcc" useDefault="true"/>
						<parser enabled="true"/>
					</scannerInfoProvider>
				</profile>
				<profile id="org.eclipse.cdt.managedbuilder.core.GCCWinManagedMakePerProjectProfile">
					<buildOutputProvider>
						<openAction enabled="true" filePath=""/>
						<parser enabled="true"/>
					</buildOutputProvider>
					<scannerInfoProvider id="specsFile">
						<runAction arguments="-c 'gcc -E -P -v -dD &quot;${plugin_state_location}/${specs_file}&quot;'" command="sh" useDefault="true"/>
						<parser enabled="true"/>
					</scannerInfoProvider>
				</profile>
				<profile id="org.eclipse.cdt.managedbuilder.core.GCCWinManagedMakePerProjectProfileCPP">
					<buildOutputProvider>
						<openAction enabled="true" filePath=""/>
						<parser enabled="true"/>
					</buildOutputProvider>
					<scannerInfoProvider id="specsFile">
						<runAction arguments="-c 'g++ -E -P -v -dD &quot;${plugin_state_location}/specs.cpp&quot;'" command="sh" useDefault="true"/>
						<parser enabled="true"/>
					</scannerInfoProvider>
				</profile>
				<profile id="org.eclipse.cdt.managedbuilder.core.GCCWinManagedMakePerProjectProfileC">
					<buildOutputProvider>
						<openAction enabled="true" filePath=""/>
						<parser enabled="true"/>
					</buildOutputProvider>
					<scannerInfoProvider id="specsFile">
						<runAction arguments="-c 'gcc -E -P -v -dD &quot;${plugin_state_location}/specs.c&quot;'" command="sh" useDefault="true"/>
						<parser enabled="true"/>
					</scannerInfoProvider>
				</profile>
			</storageModule>
			<storageModule moduleId="org.eclipse.cdt.core.externalSettings"/>
		</cconfiguration>
	</storageModule>
	<storageModule moduleId="cdtBuildSystem" version="4.0.0">
		<project id="qt_build.null.671297123" name="qt_build"/>
	</storageModule>
</cproject>
